DIMOS,PERIFEREIA,PERIFEREIAKH_ENOTHTA,EKTASH_SQ_KM,DENSITY,POP_2021,POP_CHANGE_2021,POP_2011,POP_CHANGE_2011,POP_2001
Αβδήρων,Ανατολικής Μακεδονίας και Θράκης,Ξάνθης,352,54,1786,-6,19005,4.1,18262
Αγαθονησίου,Νοτίου Αιγαίου,Καλύμνου,14.5,12.8,203,,185,21.7,152
Αγιάς,Θεσσαλίας,Λάρισας,661.8,17.3,10705,-6.7,1147,-12.6,1312
Αγίας Βαρβάρας,Αττικής,Δυτικού Τομέα Αθηνών,2.4,10925.9,26759,,2655,-15.3,31354
Αγίας Παρασκευής,Αττικής,Βορείου Τομέα Αθηνών,7.9,7557.5,62157,,59704,-0.6,60065
Αγίου Βασιλείου,Κρήτης,Ρεθύμνης,359.2,20.7,7194,,7427,-14.1,8648
Αγίου Δημητρίου,Αττικής,Νοτίου Τομέα Αθηνών,5,14402.8,71747,,71294,3.7,68719
Αγίου Ευστρατίου,Βορείου Αιγαίου,Λήμνου,43.3,6.2,257,,270,-12.1,307
Αγίου Νικολάου,Κρήτης,Λασιθίου,511.7,52.9,26937,,27074,3.9,26069
Αγίων Αναργύρων - Καματερού,Αττικής,Δυτικού Τομέα Αθηνών,9.2,6833.8,61427,,62529,7.4,58244
Αγκιστρίου,Αττικής,Νήσων Αττικής,13.4,85.2,1107,,1142,28.9,886
Αγράφων,Στερεάς Ελλάδας,Ευρυτανίας,920.3,7.6,5984,,6976,-3,719
Αγρινίου,Δυτικής Ελλάδας,Αιτωλοακαρνανίας,1229.3,76.6,88971,,94181,-2.8,96889
Αθηναίων,Αττικής,Κεντρικού Τομέα Αθηνών,39,17026.8,637798,-3.95,664046,-15.9,789166
Αιγάλεω,Αττικής,Δυτικού Τομέα Αθηνών,6.5,10844.3,64828,,69946,-10.2,77917
Αιγιαλείας,Δυτικής Ελλάδας,Αχαΐας,723,69,47225,,49872,-6.9,53585
Αίγινας,Αττικής,Νήσων Αττικής,87.4,149.4,12938,,13056,2.7,12716
Άκτιου - Βόνιτσας,Δυτικής Ελλάδας,Αιτωλοακαρνανίας,660.2,26.3,14656,,1737,-2.8,17872
Αλεξάνδρειας,Κεντρικής Μακεδονίας,Ημαθίας,478.8,86.8,38293,-7.9,4157,-2.8,42777
Αλεξανδρούπολης,Ανατολικής Μακεδονίας και Θράκης,Έβρου,1217,59.9,71601,-1.9,72959,10.3,66125
Αλιάρτου – Θεσπιέων,Στερεάς Ελλάδας,Βοιωτίας,256.5,42.4,8778,,10887,-6.8,11686
Αλίμου,Αττικής,Νοτίου Τομέα Αθηνών,5.9,7059.2,42872,,4172,4.8,398
Αλμυρού,Θεσσαλίας,Μαγνησίας,905.4,20.6,16004,,18614,-7.6,20139
Αλμωπίας,Κεντρικής Μακεδονίας,Πέλλας,985.8,28,24924,-9.6,27556,-4.4,28822
Αλοννήσου,Θεσσαλίας,Σποράδων,129.6,21.2,3153,,275,13.4,2425
Αμάριου,Κρήτης,Ρεθύμνης,277.3,21.3,5607,,5915,5,5633
Αμαρουσίου,Αττικής,Βορείου Τομέα Αθηνών,12.9,5607.2,70519,,72333,1.1,71551
Αμοργού,Νοτίου Αιγαίου,Νάξου,126.3,15.6,1965,,1973,6.5,1852
Αμπελοκήπων - Μενεμένης,Κεντρικής Μακεδονίας,Θεσσαλονίκης,9.8,5319.1,49674,-4.7,52127,-10.4,58149
Αμυνταίου,Δυτικής Μακεδονίας,Φλώρινας,589.4,28.8,14331,-15.6,16973,-7.5,18357
Αμφίκλειας - Ελάτειας,Στερεάς Ελλάδας,Φθιώτιδας,533.3,20.5,8381,,10922,-16.1,13024
Αμφιλοχίας,Δυτικής Ελλάδας,Αιτωλοακαρνανίας,1091,15.6,15073,,17056,-16.8,20491
Αμφίπολης,Κεντρικής Μακεδονίας,Σερρών,411.8,22.3,7169,-21.9,9182,-22.6,1186
Ανατολικής Μάνης,Πελοποννήσου,Λακωνίας,510.5,33.6,12805,,13005,-9.1,14308
Ανατολικής Σάμου,Βορείου Αιγαίου,Σάμου,289.8,69.1,20025,,20513,,
Ανάφης,Νοτίου Αιγαίου,Θήρας,40.4,6.7,291,,271,-0.4,272
Ανδραβίδας - Κυλλήνης,Δυτικής Ελλάδας,Ηλείας,355.5,60.7,22615,,21581,-12.5,24668
Ανδρίτσαινας - Κρεστένων,Δυτικής Ελλάδας,Ηλείας,422.3,33.4,11273,,14109,-33.3,21139
Άνδρου,Νοτίου Αιγαίου,Άνδρου,380,24.3,8883,,9221,-0.7,9285
Αντιπάρου,Νοτίου Αιγαίου,Πάρου,45.2,26.8,1264,,1211,19.8,1011
Ανωγείων,Κρήτης,Ρεθύμνης,113,21.1,224,,2379,-15.2,2805
Αποκορώνου,Κρήτης,Χανίων,315.5,40.6,11771,,12807,5.7,12112
Αργιθέας,Θεσσαλίας,Καρδίτσας,372.9,9.3,3515,1.9,345,38.7,2488
Αργοστολίου,Ιονίων Νήσων,Κεφαλληνίας,151.6,147.67,22388,,23499,,
Άργους Ορεστικού,Δυτικής Μακεδονίας,Καστοριάς,340.7,34.6,10633,-9.9,11802,-12.4,13479
Άργους - Μυκηνών,Πελοποννήσου,Αργολίδας,1002.5,41.9,40009,,42022,-12,47745
Αριστοτέλη,Κεντρικής Μακεδονίας,Χαλκιδικής,747,24.5,16994,-7.1,18294,3.1,17752
Αρριανών,Ανατολικής Μακεδονίας και Θράκης,Ροδόπης,771.2,21.5,14944,-9.8,16577,-9.2,18259
Αρταίων,Ηπείρου,Άρτας,457.2,94.4,41633,-3.6,43166,-2.2,44136
Αρχαίας Ολυμπίας,Δυτικής Ελλάδας,Ηλείας,545.1,24.6,11307,,13409,-18.4,16431
Αρχανών - Αστερουσίων,Κρήτης,Ηρακλείου,337.1,49.5,16002,,16692,-4.8,17531
Ασπροπύργου,Αττικής,Δυτικής Αττικής,102,296.6,3142,,30251,8.3,27927
Αστυπαλαίας,Νοτίου Αιγαίου,Καλύμνου,114.1,11.7,1399,,1334,-3.7,1385
Αχαρνών,Αττικής,Ανατολικής Αττικής,107.9,991.1,10813,,106943,29.5,82555
Βάρης - Βούλας - Βουλιαγμένης,Αττικής,Ανατολικής Αττικής,37.2,1300,50585,,48399,14.9,42127
Βελβεντού,Δυτικής Μακεδονίας,Κοζάνης,126.5,27.2,306,-11.2,3448,-11.4,3549
Βέλου - Βόχας,Πελοποννήσου,Κορινθίας,164.85,115.4,17836,,19027,***,***
Βέροιας,Κεντρικής Μακεδονίας,Ημαθίας,796.5,83.5,62064,-6.7,66547,1.6,6553
Βιάννου,Κρήτης,Ηρακλείου,221.5,25.1,4314,,5563,-7,5983
Βισαλτίας,Κεντρικής Μακεδονίας,Σερρών,658.3,30.4,16032,-20,2003,-13.5,23158
Βοϊου,Δυτικής Μακεδονίας,Κοζάνης,1007.6,18.2,1508,-18,18386,-10,2043
Βόλβης,Κεντρικής Μακεδονίας,Θεσσαλονίκης,783,30,19812,-15.6,23478,-4,24454
Βόλου,Θεσσαλίας,Μαγνησίας,385.6,374.6,138865,,144449,1.1,142923
Βόρειας Κέρκυρας,Ιονίων Νήσων,Κέρκυρας,193.1,90.4,17455,,17832,,
Βόρειας Κυνουρίας,Πελοποννήσου,Αρκαδίας,577,17.9,9538,,10341,-10.8,11589
Βορείων Τζουμέρκων,Ηπείρου,Ιωαννίνων,358.3,15.9,5075,-11.2,5714,31,4361
Βριλησσίων,Αττικής,Βορείου Τομέα Αθηνών,3.9,7882.3,32422,,30741,15.7,26567
Βύρωνος,Αττικής,Κεντρικού Τομέα Αθηνών,9.2,6663.9,59134,,61308,-5.2,64661
Γαλατσίου,Αττικής,Κεντρικού Τομέα Αθηνών,4,14836.3,57917,,59345,-6.4,63418
Γαύδου,Κρήτης,Χανίων,32.4,4.7,151,,152,87.7,81
Γεωργίου Καραϊσκάκη,Ηπείρου,Άρτας,463.9,12.5,5321,-7.9,578,-18.9,7131
Γλυφάδας,Αττικής,Νοτίου Τομέα Αθηνών,25.4,3437.2,89605,,87305,4.4,83665
Γόρτυνας,Κρήτης,Ηρακλείου,464.8,33.6,13936,,15632,-10.3,17423
Γορτυνίας,Πελοποννήσου,Αρκαδίας,1050.9,9.6,8015,,10109,-19.1,12492
Γρεβενών,Δυτικής Μακεδονίας,Γρεβενών,1859,13.9,2144,-17.2,25905,1.5,25522
Δάφνης - Υμηττού,Αττικής,Κεντρικού Τομέα Αθηνών,2.4,14309.8,3385,,33628,-8.6,36804
Δέλτα,Κεντρικής Μακεδονίας,Θεσσαλονίκης,311.1,147.3,45628,-0.5,45839,14,40206
Δελφών,Στερεάς Ελλάδας,Φωκίδας,1121.7,23.8,2416,,26716,-1,26992
Δεσκάτης,Δυτικής Μακεδονίας,Γρεβενών,431.6,13.6,5205,-11.1,5852,-16.9,7045
Διδυμοτείχου,Ανατολικής Μακεδονίας και Θράκης,Έβρου,565.4,34.5,16161,-17.1,19493,-16.6,2338
Διονύσου,Αττικής,Ανατολικής Αττικής,111.5,360.6,41748,,40193,23.7,32504
Δίου - Ολύμπου,Κεντρικής Μακεδονίας,Πιερίας,495.3,51.8,23984,-6.6,25668,-0.8,25872
Διρφύων - Μεσσαπίων,Στερεάς Ελλάδας,Εύβοιας,777.4,24.2,15435,,188,-3.3,19443
Διστόμου-Αράχοβας - Αντίκυρας,Στερεάς Ελλάδας,Βοιωτίας,294.1,27.8,7602,,8188,-16.5,9802
Δομοκού,Στερεάς Ελλάδας,Φθιώτιδας,708,16.2,9178,,11495,-12.9,13199
Δοξάτου,Ανατολικής Μακεδονίας και Θράκης,Δράμας,243.4,59.6,12109,-16.6,14516,-14,16883
Δράμας,Ανατολικής Μακεδονίας και Θράκης,Δράμας,840,70.2,55593,-5.7,58944,2.7,57367
Δυτικής Αχαΐας,Δυτικής Ελλάδας,Αχαΐας,573.3,45.2,259,,25916,-12.5,29608
Δυτικής Λέσβου,Βορείου Αιγαίου,Λέσβου,107,26.8,24783,,28564,-4.5,29921
Δυτικής Μάνης,Πελοποννήσου,Μεσσηνίας,402.8,17.2,5772,,6945,4.3,6658
Δυτικής Σάμου,Βορείου Αιγαίου,Σάμου,187.82,67.1,12608,,12464,,
Δωδώνης,Ηπείρου,Ιωαννίνων,657.5,14.7,7258,-25.1,9693,-7.5,10482
Δωρίδος,Στερεάς Ελλάδας,Φωκίδας,998.9,13.6,1205,,13627,25.3,10874
Έδεσσας,Κεντρικής Μακεδονίας,Πέλλας,611.2,47.1,26336,-8.6,28814,-2.6,29568
Ελασσόνας,Θεσσαλίας,Λάρισας,1565.2,20.5,25441,-20.8,32121,-9.2,35358
Ελαφονήσου,Πελοποννήσου,Λακωνίας,20,52.1,913,,1041,39.5,746
Ελευσίνας,Αττικής,Δυτικής Αττικής,36.6,817.2,29619,,29902,0.1,29879
Ελληνικού - Αργυρούπολης,Αττικής,Νοτίου Τομέα Αθηνών,15.4,3334.8,49722,,51356,0.1,51299
Εμμανουήλ Παππά,Κεντρικής Μακεδονίας,Σερρών,337.9,43.4,11574,-21.1,14664,-23,19053
Εορδαίας,Δυτικής Μακεδονίας,Κοζάνης,708.8,64.3,42414,-7,45592,-2.1,46555
Επιδαύρου,Πελοποννήσου,Αργολίδας,340.4,23.8,7089,,8115,-6.8,871
Ερέτριας,Στερεάς Ελλάδας,Εύβοιας,168.6,77.4,12676,,13053,6.8,12218
Ερμιονίδας,Πελοποννήσου,Αργολίδας,421.1,32.2,13598,,13551,-5.4,1433
Ερυμάνθου,Δυτικής Ελλάδας,Αχαΐας,582.1,15.2,8273,,8877,-21.6,11329
Ευρώτα,Πελοποννήσου,Λακωνίας,865.7,20.7,16018,,17891,-7.4,19319
Ζαγοράς - Μουρεσίου,Θεσσαλίας,Μαγνησίας,150.3,38.6,4556,,5809,-9.9,6449
Ζαγορίου,Ηπείρου,Ιωαννίνων,989.8,3.8,3384,-9.1,3724,-14.4,4348
Ζακύνθου,Ιονίων Νήσων,Ζακύνθου,405.6,100.5,40508,,40759,4.8,38883
Ζαχάρως,Δυτικής Ελλάδας,Ηλείας,276.2,32.4,8606,,8953,-34.7,13716
Ζηρού,Ηπείρου,Πρέβεζας,381,36.5,13071,-5.9,13892,-9.9,1541
Ζίτσας,Ηπείρου,Ιωαννίνων,565.6,26.1,1363,-7.7,14766,-1.1,14923
Ζωγράφου,Αττικής,Κεντρικού Τομέα Αθηνών,8.5,8336.4,69857,,71026,-12.8,81435
Ηγουμενίτσας,Ηπείρου,Θεσπρωτίας,428.4,60.3,25709,-0.4,25814,7,2413
Ήλιδας,Δυτικής Ελλάδας,Ηλείας,400.5,80.4,29409,,32219,-11.2,36275
Ηλιούπολης,Αττικής,Κεντρικού Τομέα Αθηνών,12.7,6144.1,76708,,78153,-3.5,81024
Ηρακλείας,Κεντρικής Μακεδονίας,Σερρών,451.5,46.8,15711,-25.7,21145,-6.8,22695
Ηρακλείου,Αττικής,Βορείου Τομέα Αθηνών,4.6,10791.7,50495,,49642,3.1,48132
Ηρακλείου,Κρήτης,Ηρακλείου,244.6,711.3,177064,,173993,6.7,163115
Ηρωικής Νήσου Κάσου,Νοτίου Αιγαίου,Καρπάθου-Ηρωϊκής Νήσου Κάσου,69.5,15.6,1224,,1084,7,1013
Νάουσας,Κεντρικής Μακεδονίας,Ημαθίας,425.5,76.4,29669,-8.7,32494,-4.9,34164
Θάσου,Ανατολικής Μακεδονίας και Θράκης,Θάσου,380.1,36.2,13055,-5.2,1377,2.4,13451
Θερμαϊκού,Κεντρικής Μακεδονίας,Θεσσαλονίκης,133.4,376.8,4545,-9.6,50264,35.4,37126
Θέρμης,Κεντρικής Μακεδονίας,Θεσσαλονίκης,382.1,139.2,55238,3.8,53201,54.5,34436
Θέρμου,Δυτικής Ελλάδας,Αιτωλοακαρνανίας,333.7,24.7,5742,,8242,5.2,7837
Θεσσαλονίκης,Κεντρικής Μακεδονίας,Θεσσαλονίκης,19.3,16848.8,317778,-2.3,325182,-18.1,397156
Θηβαίων,Στερεάς Ελλάδας,Βοιωτίας,830.1,43.9,32521,,36477,1.1,36086
Θήρας,Νοτίου Αιγαίου,Θήρας,90.6,171.6,15457,,1555,13.3,13725
Ιάσμου,Ανατολικής Μακεδονίας και Θράκης,Ροδόπης,485.3,28.5,12346,-10.6,1381,-7,14851
Ιεράπετρας,Κρήτης,Λασιθίου,554,49.8,2641,,27602,-0.5,27744
Ιεράς Πόλης Μεσολογγίου,Δυτικής Ελλάδας,Αιτωλοακαρνανίας,680.4,50.6,31944,,34416,-3.9,35805
Ιητών,Νοτίου Αιγαίου,Θήρας,109,18.6,2297,,2024,8.7,1862
Ιθάκης,Ιονίων Νήσων,Ιθάκης,117.8,27.4,2774,,3231,0.6,3212
Ικαρίας,Νοτίου Αιγαίου,Ικαρίας,255.3,33,8555,,8423,0.8,8354
Ιλίου,Αττικής,Δυτικού Τομέα Αθηνών,9.3,9166.8,83523,,84793,-0.9,85572
Ιστιαίας - Αιδηψού,Στερεάς Ελλάδας,Εύβοιας,509.2,41.4,1846,,21083,-4.7,22132
Ιωαννιτών,Ηπείρου,Ιωαννίνων,403.3,278.9,113094,0.5,112486,9.1,103101
Καβάλας,Ανατολικής Μακεδονίας και Θράκης,Καβάλας,351.4,200.6,65857,-6.6,70501,-5,74186
Καισαριανής,Αττικής,Κεντρικού Τομέα Αθηνών,7.8,3374.7,2626,,26458,-2.7,27193
Καλαβρύτων,Δυτικής Ελλάδας,Αχαΐας,1058,10.4,9281,,11045,-20.6,13912
Καλαμαριάς,Κεντρικής Μακεδονίας,Θεσσαλονίκης,6.4,14262.3,92238,1.1,91279,1.3,90096
Καλαμάτας,Πελοποννήσου,Μεσσηνίας,440.3,158.6,71894,,69849,-0.2,70006
Καλλιθέας,Αττικής,Νοτίου Τομέα Αθηνών,4.8,21187.6,96118,,100641,-12.6,11515
Καλυμνίων,Νοτίου Αιγαίου,Καλύμνου,134.5,120.3,17797,,16179,-2.4,16576
Καμένων Βούρλων,Στερεάς Ελλάδας,Φθιώτιδας,337.3,35.8,10901,,1209,-13.2,13932
Καντάνου - Σέλινου,Κρήτης,Χανίων,376.3,14.4,4931,,5431,-13.8,6302
Καρδίτσας,Θεσσαλίας,Καρδίτσας,647.4,87.7,56641,-0.2,56747,-0.6,57089
Καρπάθου,Νοτίου Αιγαίου,Καρπάθου-Ηρωϊκής Νήσου Κάσου,324.8,19.2,6416,,6226,-5.2,6565
Καρπενησίου,Στερεάς Ελλάδας,Ευρυτανίας,948.6,13.8,11477,,13105,6.3,12328
Καρύστου,Στερεάς Ελλάδας,Εύβοιας,674.6,18.1,11593,,1218,-10.5,13602
Κασσάνδρας,Κεντρικής Μακεδονίας,Χαλκιδικής,334.3,49.9,16958,1.7,16672,11.4,14971
Καστοριάς,Δυτικής Μακεδονίας,Καστοριάς,763.3,47,33227,-7.4,35874,-3.3,37094
Κατερίνης,Κεντρικής Μακεδονίας,Πιερίας,681.9,125.9,82971,-3.4,85851,3,83387
Κάτω Νευροκοπίου,Ανατολικής Μακεδονίας και Θράκης,Δράμας,873.6,9,5323,-32.3,786,7.8,7289
Κέας,Νοτίου Αιγαίου,Κέας-Κύθνου,148.9,16.5,2394,,2455,13.6,2162
Κεντρικής Κέρκυρας και Διαποντίων Νήσων,Ιονίων Νήσων,Κέρκυρας,235.8,167.1,65237,,68558,,
Κεντρικών Τζουμέρκων,Ηπείρου,Άρτας,509.2,12.1,5562,-10,6178,-21.4,7862
Κερατσινίου - Δραπετσώνας,Αττικής,Πειραιά,9.3,9758.3,89386,,91045,-0.8,91809
Κηφισιάς,Αττικής,Βορείου Τομέα Αθηνών,35.1,2011.4,7286,,706,6.2,66484
Κιλελέρ,Θεσσαλίας,Λάρισας,976.3,21.4,18068,-13.4,20854,-8.2,22719
Κιλκίς,Κεντρικής Μακεδονίας,Κιλκίς,1599.6,32.5,45489,-12.4,51926,-5.2,5475
Κιμώλου,Νοτίου Αιγαίου,Μήλου,53.3,17.1,817,,910,8.6,838
Κισσάμου,Κρήτης,Χανίων,341,31.6,10632,,1079,-5.9,1147
Κοζάνης,Δυτικής Μακεδονίας,Κοζάνης,1071.3,66.6,67161,-5.9,71388,1.7,7022
Κομοτηνής,Ανατολικής Μακεδονίας και Θράκης,Ροδόπης,644.9,103.8,65107,-2.7,66919,8.8,61501
Κόνιτσας,Ηπείρου,Ιωαννίνων,951.2,6.7,5325,-16.3,6362,-16.8,7648
Κορδελιού - Ευόσμου,Κεντρικής Μακεδονίας,Θεσσαλονίκης,13.4,7593.5,105426,3.6,101753,31.8,77174
Κορινθίων,Πελοποννήσου,Κορινθίας,611.3,95.2,56437,,58192,-0.6,58523
Κορυδαλλού,Αττικής,Πειραιά,4.3,14686.3,61247,,63445,-10.3,7071
Κρωπίας,Αττικής,Ανατολικής Αττικής,102,297.1,29432,,30307,23.9,24453
Κυθήρων,Αττικής,Νήσων Αττικής,300,13.5,3659,,4041,13.2,3571
Κύθνου,Νοτίου Αιγαίου,Κέας-Κύθνου,100.2,14.5,1492,,1456,-5.3,1538
Κύμης - Αλιβερίου,Στερεάς Ελλάδας,Εύβοιας,805,35.3,26359,,28437,-7.4,30717
Κω,Νοτίου Αιγαίου,Κω,290.3,115,36986,,33388,8.3,30828
Λαγκαδά,Κεντρικής Μακεδονίας,Θεσσαλονίκης,1222.7,33.6,37072,-9.8,41103,5,3916
Λαμιέων,Στερεάς Ελλάδας,Φθιώτιδας,947,79.5,66472,,75315,0.5,74939
Λαρισαίων,Θεσσαλίας,Λάρισας,336,483.9,164381,1.1,162591,11.4,145981
Λαυρεωτικής,Αττικής,Ανατολικής Αττικής,175.8,142.8,25608,,25102,12.8,22261
Λεβαδέων,Στερεάς Ελλάδας,Βοιωτίας,694,45.1,29393,,31315,-2.6,32151
Λειψών,Νοτίου Αιγαίου,Καλύμνου,17.4,45.4,778,,790,15,687
Λέρου,Νοτίου Αιγαίου,Καλύμνου,74.2,106.7,7988,,7917,-3.1,8172
Λευκάδας,Ιονίων Νήσων,Λευκάδας,333.6,67.9,21759,,22652,8.4,20894
Λήμνου,Βορείου Αιγαίου,Λήμνου,477.6,35.6,16458,,16992,-3.2,17545
Ληξουρίου,Ιονίων Νήσων,Κεφαλληνίας,119.3,58.9,7025,,7098,,
Λίμνης Πλαστήρα,Θεσσαλίας,Καρδίτσας,198.4,23.4,5285,14,4635,15.2,4022
Λοκρών,Στερεάς Ελλάδας,Φθιώτιδας,614.8,31.9,17854,,19623,-12.5,22418
Λουτρακίου – Περαχώρας - Αγίων Θεοδώρων,Πελοποννήσου,Κορινθίας,294.9,72,21925,,21221,5.9,2004
Λυκόβρυσης - Πεύκης,Αττικής,Βορείου Τομέα Αθηνών,4.1,7561.5,30996,,31002,5.7,2932
Μακρακώμης,Στερεάς Ελλάδας,Φθιώτιδας,836.6,19.2,13553,,16036,?,?
Μαλεβιζίου,Κρήτης,Ηρακλείου,291.9,85.2,2575,,24864,19.9,20735
Μάνδρας - Ειδυλλίας,Αττικής,Δυτικής Αττικής,426.2,42,17524,,17885,-4.2,18677
Μαντουδίου - Λίμνης - Αγίας Άννας,Στερεάς Ελλάδας,Εύβοιας,584.8,20.6,11986,,12045,-11.9,13673
Μαραθώνος,Αττικής,Ανατολικής Αττικής,222.8,150,31448,,33423,39.4,23974
Μαρκοπούλου Μεσογαίας,Αττικής,Ανατολικής Αττικής,81.8,245,21284,,2004,46.9,13644
Μαρωνείας - Σαπών,Ανατολικής Μακεδονίας και Θράκης,Ροδόπης,641.8,23,11983,-18.7,14733,-11.4,16626
Μεγαλόπολης,Πελοποννήσου,Αρκαδίας,722.6,14.8,8791,,10687,-3.2,11044
Μεγανησίου,Ιονίων Νήσων,Λευκάδας,22.4,46.5,914,,1041,4.7,994
Μεγαρέων,Αττικής,Δυτικής Αττικής,332.9,110.9,38046,,36924,8,34174
Μεγίστης,Νοτίου Αιγαίου,Ρόδου,12,41,584,,492,22.1,403
Μεσσήνης,Πελοποννήσου,Μεσσηνίας,562.1,41.8,192,,23482,-9.2,25859
Μεταμορφώσεως,Αττικής,Βορείου Τομέα Αθηνών,5.5,5434.7,3017,,29891,8.6,27522
Μετεώρων,Θεσσαλίας,Τρικάλων,1658.3,13.3,1929,-12.3,21991,-3.8,22853
Μετσόβου,Ηπείρου,Ιωαννίνων,363.7,17,5429,-12.4,6196,-13.7,7177
Μήλου,Νοτίου Αιγαίου,Μήλου,160.1,31.1,5193,,4977,5.1,4736
Μινώα Πεδιάδας,Κρήτης,Ηρακλείου,398.2,44.1,14161,,17563,-6,18692
Μονεμβασίας,Πελοποννήσου,Λακωνίας,949.3,23.1,21815,,21942,0.2,21898
Μοσχάτου - Ταύρου,Αττικής,Νοτίου Τομέα Αθηνών,4.5,9081.6,39507,,40413,1.4,3987
Μουζακίου,Θεσσαλίας,Καρδίτσας,313.9,41.8,11264,-14.2,13122,-20,16407
Μύκης,Ανατολικής Μακεδονίας και Θράκης,Ξάνθης,633.3,24.5,14521,-6.6,1554,-3.4,16091
Μυκόνου,Νοτίου Αιγαίου,Μυκόνου,105.2,96.3,9802,,10134,9.3,9274
Μυλοποτάμου,Κρήτης,Ρεθύμνης,350.3,41,1289,,14363,-1.6,14599
Μυτιλήνης,Βορείου Αιγαίου,Λέσβου,568.8,101.7,58285,,57872,-4.4,60515
Νάξου & Μικρών Κυκλάδων,Νοτίου Αιγαίου,Νάξου,495.9,38,19812,,18864,3.5,18229
Ναυπακτίας,Δυτικής Ελλάδας,Αιτωλοακαρνανίας,876.2,31.7,25121,,278,3.6,2684
Ναυπλιέων,Πελοποννήσου,Αργολίδας,390.2,85.5,32586,,33356,5.5,31607
Νέαπολης - Συκεών,Κεντρικής Μακεδονίας,Θεσσαλονίκης,12.9,6569.1,80851,-4.6,84741,-5.1,89274
Νέας Ζίχνης,Κεντρικής Μακεδονίας,Σερρών,404.3,30.7,8259,-33.4,12397,-10.3,13813
Νέας Ιωνίας,Αττικής,Βορείου Τομέα Αθηνών,4.3,15612.6,64107,,67134,-3.4,69508
Νέας Προποντίδας,Κεντρικής Μακεδονίας,Χαλκιδικής,372.3,98,34391,-5.8,365,20.1,30397
Νέας Σμύρνης,Αττικής,Νοτίου Τομέα Αθηνών,3.5,20760.2,72546,,73076,-4.5,76508
Νέας Φιλαδέλφειας – Νέας Χαλκηδόνας,Αττικής,Κεντρικού Τομέα Αθηνών,3.7,9741.4,34759,,35556,-0.1,35607
Νεμέας,Πελοποννήσου,Κορινθίας,204.7,31.7,5668,,6483,-11,7286
Νεστορίου,Δυτικής Μακεδονίας,Καστοριάς,616.1,4.3,2188,-17.3,2646,-15.4,3129
Νέστου,Ανατολικής Μακεδονίας και Θράκης,Καβάλας,678.8,32.9,20525,-8.1,22331,0.5,22218
Νίκαιας - Αγίου Ι. Ρέντη,Αττικής,Πειραιά,11.2,9438.7,103355,,10543,-5.2,11122
Νικολάου Σκουφά,Ηπείρου,Άρτας,231.8,55,11411,-10.5,12753,-12,14491
Νισύρου,Νοτίου Αιγαίου,Κω,50.1,20.1,1043,,1008,8.6,928
Νότιας Κέρκυρας,Ιονίων Νήσων,Κέρκυρας,164.7,89.7,14772,,15681,,
Νότιας Κυνουρίας,Πελοποννήσου,Αρκαδίας,592.4,14,7263,,8294,8.7,7633
Νοτίου Πηλίου,Θεσσαλίας,Μαγνησίας,368.5,27.7,8322,,10216,-4.9,10745
Ξάνθης,Ανατολικής Μακεδονίας και Θράκης,Ξάνθης,495.1,131.6,66162,1.6,65133,15.5,56383
Ξηρομέρου,Δυτικής Ελλάδας,Αιτωλοακαρνανίας,590.1,19.9,1022,,11737,-12.1,13358
Ξυλοκάστρου - Ευρωστίνης,Πελοποννήσου,Κορινθίας,411.7,42.2,15295,,17365,-4.7,18224
Οινουσσών,Βορείου Αιγαίου,Χίου,17.4,47.5,916,,826,-3.4,855
Οιχαλίας,Πελοποννήσου,Μεσσηνίας,415.4,27,8508,,11228,-3.9,11681
Ορεστιάδας,Ανατολικής Μακεδονίας και Θράκης,Έβρου,955.6,39.4,31694,-15.9,37695,-4.3,39375
Οροπεδίου Λασιθίου,Κρήτης,Λασιθίου,130,18.4,2285,,2387,-22.2,3067
Ορχομενού,Στερεάς Ελλάδας,Βοιωτίας,415.9,27.9,9386,,11621,-10.8,13032
Παγγαίου,Ανατολικής Μακεδονίας και Θράκης,Καβάλας,701.4,45.7,29592,-7.8,32085,1.4,31644
Παιανίας,Αττικής,Ανατολικής Αττικής,53.2,501.7,27916,,26668,34.9,19767
Παιονίας,Κεντρικής Μακεδονίας,Κιλκίς,919.3,31,25159,-11.7,28493,-10,31674
Παλαιού Φαλήρου,Αττικής,Νοτίου Τομέα Αθηνών,4.6,14009,64879,,64021,-4.7,6716
Παλαμά,Θεσσαλίας,Καρδίτσας,382.7,43.7,13416,-19.8,16726,-9.6,185
Παλλήνης,Αττικής,Ανατολικής Αττικής,29.4,1849,60435,,54415,61.9,33611
Παξών,Ιονίων Νήσων,Κέρκυρας,30.1,76.4,2383,,23,-5.3,2429
Παπάγου - Χολαργού,Αττικής,Βορείου Τομέα Αθηνών,7.3,6101.2,45164,,44539,-6.7,47714
Παρανεστίου,Ανατολικής Μακεδονίας και Θράκης,Δράμας,1029.4,3.8,2852,-26.9,3901,-23.7,5114
Πάργας,Ηπείρου,Πρέβεζας,275,43.1,10771,-9.2,11866,-5.8,12597
Πάρου,Νοτίου Αιγαίου,Πάρου,196.3,69.9,1429,,13715,9.6,12514
Πάτμου,Νοτίου Αιγαίου,Καλύμνου,45,67.7,3217,,3047,-0.2,3053
Πατρέων,Δυτικής Ελλάδας,Αχαΐας,334.9,638.9,211593,,213984,1.7,210494
Παύλου Μελά,Κεντρικής Μακεδονίας,Θεσσαλονίκης,23.8,4170,99969,0.7,99245,13.3,87587
Πειραιώς,Αττικής,Πειραιά,10.9,15058.7,163572,,163688,-10,181933
Πέλλας,Κεντρικής Μακεδονίας,Πέλλας,669.2,94.3,56918,-9.8,63122,-2.7,64847
Πεντέλης,Αττικής,Βορείου Τομέα Αθηνών,36.1,967.7,35439,,34934,12.9,30956
Περάματος,Αττικής,Πειραιά,14.7,1723.6,25636,,25389,-4.9,26684
Περιστερίου,Αττικής,Δυτικού Τομέα Αθηνών,10.1,13928.5,132123,,139981,-4.6,146743
Πετρούπολης,Αττικής,Δυτικού Τομέα Αθηνών,6.8,8673.4,60166,,58979,14.4,51559
Πηνειού,Δυτικής Ελλάδας,Ηλείας,161.5,130.2,21658,,21034,7,19658
Πλατανιά,Κρήτης,Χανίων,491.8,34.3,1532,,16874,-5.5,17864
Πολυγύρου,Κεντρικής Μακεδονίας,Χαλκιδικής,947.4,23.3,2135,-3.2,22048,0.5,21931
Πόρου,Αττικής,Νήσων Αττικής,49.6,80.5,3237,,3993,-6.7,4282
Πρέβεζας,Ηπείρου,Πρέβεζας,381,83.3,30893,-2.6,31733,5.3,30137
Πρεσπών,Δυτικής Μακεδονίας,Φλώρινας,515.5,3,122,-21.8,156,-27.9,2164
Προσοτσάνης,Ανατολικής Μακεδονίας και Θράκης,Δράμας,481.8,27.1,10744,-17.8,13066,-15.9,15531
Πύδνας - Κολινδρού,Κεντρικής Μακεδονίας,Πιερίας,339.5,44.7,12531,-17.4,15179,-11.5,17153
Πυλαίας - Χορτιάτη,Κεντρικής Μακεδονίας,Θεσσαλονίκης,155.6,450.6,72223,3,7011,40.4,49922
Πύλης,Θεσσαλίας,Τρικάλων,748.9,19.2,12915,-10,14343,-9.7,15886
Πύλου - Νέστορος,Πελοποννήσου,Μεσσηνίας,554.3,38,17179,,21077,-0.4,21172
Πύργου,Δυτικής Ελλάδας,Ηλείας,456.6,105.1,44482,,47995,-7,51634
Πωγωνίου,Ηπείρου,Ιωαννίνων,701,12.8,6859,-23.4,896,-0.3,8987
Ραφήνας - Πικερμίου,Αττικής,Ανατολικής Αττικής,40.5,500.4,2223,,20266,48.7,13625
Ρεθύμνης,Κρήτης,Ρεθύμνης,396.3,140.1,55636,,55525,17.5,47272
Ρήγα Φερραίου,Θεσσαλίας,Μαγνησίας,550.6,19.8,8841,,10922,-7.7,1183
Ρόδου,Νοτίου Αιγαίου,Ρόδου,1400.7,82.5,124851,,11549,0.1,115334
Σαλαμίνας,Αττικής,Νήσων Αττικής,93.4,420.7,37175,,39283,12.3,34975
Σάμης,Ιονίων Νήσων,Κεφαλληνίας,288.5,19.1,5511,,5204,,
Σαμοθράκης,Ανατολικής Μακεδονίας και Θράκης,Έβρου,178,16.1,2622,-8.3,2859,5.4,2712
Σαρωνικού,Αττικής,Ανατολικής Αττικής,139.1,208.5,29703,,29002,26.8,22866
Σερβίων,Δυτικής Μακεδονίας,Κοζάνης,224.6,50.7,9486,-16.7,11382,-11.4,13185
Σερίφου,Νοτίου Αιγαίου,Μήλου,75.2,18.9,1258,,142,12.5,1262
Σερρών,Κεντρικής Μακεδονίας,Σερρών,600.5,127.9,73847,-3.9,76817,0.5,76472
Σητείας,Κρήτης,Λασιθίου,627.1,29.2,20268,,18318,-2.9,18856
Σιθωνίας,Κεντρικής Μακεδονίας,Χαλκιδικής,516.8,24,11631,-6.2,12394,5.1,11798
Σικίνου,Νοτίου Αιγαίου,Θήρας,42.5,6.4,253,,273,14.7,238
Σικυωνίων,Πελοποννήσου,Κορινθίας,602.5,37.8,20983,,22794,-1.8,23203
Σιντικής,Κεντρικής Μακεδονίας,Σερρών,1103.4,20.1,18532,-16.5,22195,-19.1,27432
Σίφνου,Νοτίου Αιγαίου,Μήλου,73.9,35.5,2755,,2625,2,2574
Σκιάθου,Θεσσαλίας,Σποράδων,49.9,122,5499,,6088,5.2,5788
Σκοπέλου,Θεσσαλίας,Σποράδων,96.3,51.5,4377,,496,5.4,4706
Σκύδρας,Κεντρικής Μακεδονίας,Πέλλας,239.5,84.3,1808,-10.4,20188,-2.6,2072
Σκύρου,Στερεάς Ελλάδας,Εύβοιας,223.1,13.4,2913,,2994,10.4,2711
Σουλίου,Ηπείρου,Θεσπρωτίας,502.8,20,8767,-12.9,10063,-3,10379
Σουφλίου,Ανατολικής Μακεδονίας και Θράκης,Έβρου,1325.7,11.3,11784,-21.1,14941,-15.5,17691
Σοφάδων,Θεσσαλίας,Καρδίτσας,720.7,26.2,16577,-12.1,18864,-18.1,23043
Σπάρτης,Πελοποννήσου,Λακωνίας,1181.8,29.8,32918,,35259,-3.5,3654
Σπάτων - Αρτέμιδος,Αττικής,Ανατολικής Αττικής,73.7,458.9,34053,,33821,34.5,25138
Σπετσών,Αττικής,Νήσων Αττικής,27.1,148.6,368,,4027,6.5,378
Στυλίδας,Στερεάς Ελλάδας,Φθιώτιδας,463.9,27.5,11417,,1275,-9.7,14188
Σύμης,Νοτίου Αιγαίου,Ρόδου,65.8,39.4,2495,,259,-0.2,2594
Σύρου - Ερμούπολης,Νοτίου Αιγαίου,Σύρου,101.9,211.1,20791,,21507,8.7,19793
Σφακίων,Κρήτης,Χανίων,467.6,4,1992,,1889,-21.9,2419
Τανάγρας,Στερεάς Ελλάδας,Βοιωτίας,461,42.2,18427,,19432,-8.1,21156
Τεμπών,Θεσσαλίας,Λάρισας,576.7,23.8,1199,-12.5,13712,-11.2,15439
Τήλου,Νοτίου Αιγαίου,Ρόδου,64.5,12.1,745,,780,49.7,521
Τήνου,Νοτίου Αιγαίου,Τήνου,194.5,44.4,8611,,8636,6.4,8115
Τοπείρου,Ανατολικής Μακεδονίας και Θράκης,Ξάνθης,312.5,36.9,9634,-16.6,11544,-5.6,12223
Τρικκαίων,Θεσσαλίας,Τρικάλων,607.6,133.9,78508,-3.5,81355,3.2,78817
Τρίπολης,Πελοποννήσου,Αρκαδίας,1475.8,32,43944,,47254,-2.7,48568
Τριφυλίας,Πελοποννήσου,Μεσσηνίας,616,44.4,22367,,27373,-12.2,3119
Τροιζηνίας – Μεθάνων,Αττικής,Νήσων Αττικής,240.9,29.7,6118,,7143,-13.3,8238
Τυρνάβου,Θεσσαλίας,Λάρισας,525.3,47.7,22252,-11.1,25032,-3.2,25864
Ύδρας,Αττικής,Νήσων Αττικής,64.4,30.5,2011,,1966,-25.7,2646
Φαιστού,Κρήτης,Ηρακλείου,410.8,59.6,23994,,24466,2.4,23882
Φαρκαδόνας,Θεσσαλίας,Τρικάλων,368.7,36.3,11348,-15.3,13396,-11.5,15133
Φαρσάλων,Θεσσαλίας,Λάρισας,739.7,25.1,1631,-12.1,18545,-21.7,23675
Φιλιατών,Ηπείρου,Θεσπρωτίας,583.5,13.2,6351,-17.6,771,-15.2,9092
Φιλοθέης - Ψυχικού,Αττικής,Βορείου Τομέα Αθηνών,6.1,4421,274,,26968,-12.3,30754
Φλώρινας,Δυτικής Μακεδονίας,Φλώρινας,819.7,40.1,29611,-9.9,32881,-2.1,33588
Φολεγάνδρου,Νοτίου Αιγαίου,Θήρας,32.2,23.8,715,,765,13.2,676
Φούρνων Κορσεών,Νοτίου Αιγαίου,Ικαρίας,45.2,32.3,1346,,1459,-1.9,1487
Φυλής,Αττικής,Δυτικής Αττικής,109.1,421.2,48255,,45965,17.4,39317
Χαϊδαρίου,Αττικής,Δυτικού Τομέα Αθηνών,22.7,2069.6,46983,,46897,-3.3,48494
Χαλανδρίου,Αττικής,Βορείου Τομέα Αθηνών,10.8,6869.6,77118,,74192,-1.5,75327
Χαλκηδόνος,Κεντρικής Μακεδονίας,Θεσσαλονίκης,391.5,86,29951,-11.1,33673,-1.8,34299
Χάλκης,Νοτίου Αιγαίου,Ρόδου,37,12.9,476,,478,62,295
Χαλκιδέων,Στερεάς Ελλάδας,Εύβοιας,424.8,240.6,108313,,102223,10.1,92809
Χανίων,Κρήτης,Χανίων,351.3,309.3,110646,,108642,10.6,98202
Χερσονήσου,Κρήτης,Ηρακλείου,272.2,98.2,27229,,26717,12,23864
Χίου,Βορείου Αιγαίου,Χίου,842.3,61,50483,,5139,-0.7,51773
Ηρωικής Νήσου Ψαρών,Βορείου Αιγαίου,Χίου,44.5,10.3,420,,458,-4.2,478
Ωραιοκάστρου,Κεντρικής Μακεδονίας,Θεσσαλονίκης,217.9,175.8,40114,4.7,38317,53.5,24962
Ωρωπού,Αττικής,Ανατολικής Αττικής,338.2,99.8,33977,,33769,14.3,29542